{"cameraMode":{"drawMode":0,"name":"Shaded","section":"Shading Mode"},"sceneLighting":true,"audioPlay":false,"sceneViewState":{"showFog":true,"showMaterialUpdate":false,"showSkybox":true,"showFlares":true,"showImageEffects":true,"showParticleSystems":true,"showVisualEffectGraphs":true,"m_FxEnabled":true},"in2DMode":false,"pivot":{"x":29.663497924804689,"y":-4.642392158508301,"z":61.22303009033203},"rotation":{"x":0.038524605333805087,"y":-0.6780632734298706,"z":0.035631053149700168,"w":0.7331281304359436},"size":161.69044494628907,"orthographic":false}